,Name,Class,Probability,g no points,r no points
0,ZTF22abtfklr,SLSN,0.282,14,14
1,ZTF22abspmrl,SNIbc,0.466,10,11
2,ZTF22abssydd,SNIbc,0.334,1,9
3,ZTF22aboawxv,SNIbc,0.402,32,37
4,ZTF22abrhrtm,SNIbc,0.394,14,17
5,ZTF22abreikr,SNIbc,0.31,8,12
6,ZTF22abrahwy,SNIbc,0.442,23,27
7,ZTF22abriohe,SNIbc,0.42,3,9
8,ZTF22abqpdon,SNIbc,0.38,1,6
9,ZTF22abqouwl,SNII,0.336,0,24
10,ZTF22abqoubb,SNIbc,0.306,0,36
11,ZTF22abqwzli,SNIbc,0.304,4,6
12,ZTF22abqhmws,SNIbc,0.286,0,24
13,ZTF22abqcruf,SNIbc,0.446,10,12
14,ZTF18admgfwt,SNII,0.32,12,15
15,ZTF20acuwfai,SNIbc,0.322,7,2
16,ZTF20abtxtvm,SNIbc,0.346,6,2
17,ZTF22abtecpk,SNIbc,0.436,5,9
18,ZTF18adnpcac,SNIbc,0.48,8,8
19,ZTF18adnhlve,SNIbc,0.404,6,2
20,ZTF22abqgvkn,SNIbc,0.402,8,12
21,ZTF22abprvjx,SNIbc,0.406,13,24
22,ZTF18adjszno,SNIbc,0.37,6,1
23,ZTF19abzpgfr,SNIbc,0.428,8,4
24,ZTF22abplfsr,SNIbc,0.46,5,9
25,ZTF18adkcmvb,SNIbc,0.372,10,4
26,ZTF22abqpclr,SNIbc,0.404,11,18
27,ZTF22abpkmdp,SNIbc,0.378,13,14
28,ZTF22abtkdqj,SLSN,0.416,6,16
29,ZTF22abpyder,SNIbc,0.53,13,27
30,ZTF22abtfnrz,SNII,0.324,36,29
31,ZTF22abppdqh,SNIa,0.46,14,20
32,ZTF20aaryutw,SNIbc,0.3,0,31
33,ZTF22abprpii,SNIbc,0.376,3,6
34,ZTF17aacryot,SNII,0.406,11,9
35,ZTF19adkuxdz,SNIbc,0.386,14,13
36,ZTF22abtfnlo,SNII,0.294,18,8
37,ZTF18adlxojb,SNIbc,0.382,5,7
38,ZTF22abobjlm,SNIbc,0.386,8,10
39,ZTF22abplazd,SNIbc,0.37,6,7
40,ZTF22abobnwl,SNIbc,0.512,4,7
41,ZTF18adjlbcu,SNIbc,0.334,7,2
42,ZTF22abtejhg,SNII,0.336,10,12
43,ZTF19adhjmrl,SNII,0.356,7,12
44,ZTF18actwfwj,SNIbc,0.292,0,7
45,ZTF22abqvyre,SNII,0.326,8,17
46,ZTF19adfgqno,SLSN,0.372,1,10
47,ZTF18adnfvoc,SLSN,0.344,6,8
48,ZTF22abtfsvb,SNII,0.298,12,10
49,ZTF22abpwxlw,SNIbc,0.312,12,8
50,ZTF22abtdxjb,SNII,0.346,3,16
51,ZTF22abnvvjc,SNIbc,0.314,0,29
52,ZTF22abnvurw,SNIbc,0.294,0,34
53,ZTF19aajzwqe,SNII,0.346,7,12
54,ZTF22abojyaa,SNIbc,0.346,6,13
55,ZTF22aboavsh,SLSN,0.292,8,17
56,ZTF22abnvijp,SNIbc,0.408,7,12
57,ZTF22abnunsw,SNII,0.33,4,15
58,ZTF21aaftgxr,SNII,0.336,5,16
59,ZTF22abtemqs,SNIbc,0.388,8,2
60,ZTF22abtjdgu,SNII,0.354,15,13
61,ZTF18adlammq,SNIbc,0.314,6,2
62,ZTF22abrlsde,SNIbc,0.384,5,12
63,ZTF19adkrgbk,SNIbc,0.398,10,9
64,ZTF22abnqxjf,SNIbc,0.36,3,9
65,ZTF18adnrgmv,SNIbc,0.294,9,7
66,ZTF19aakkkwc,SNII,0.396,7,12
67,ZTF22abpwjqt,SNIbc,0.308,0,6
68,ZTF20aafbjrv,SNIbc,0.418,6,7
69,ZTF22abnpfon,SNIbc,0.428,3,11
70,ZTF22abnpeow,SNII,0.37,8,13
71,ZTF22abnperq,SNIbc,0.458,4,12
72,ZTF22abpynoy,SNIbc,0.35,8,6
73,ZTF22abtohie,SNII,0.308,11,9
74,ZTF18admqwvl,SNIbc,0.336,5,8
75,ZTF22abtfrwm,SNII,0.37,11,4
76,ZTF22abnoiwv,SNIbc,0.408,9,17
77,ZTF19adkrjtf,SNIbc,0.28,8,3
78,ZTF22abnmngf,SNIbc,0.426,4,9
79,ZTF22abtfpcd,SNII,0.362,19,14
80,ZTF22aadspwz,SNIbc,0.326,9,9
81,ZTF18admreha,SNIbc,0.354,10,16
82,ZTF22abtdxra,SNIbc,0.382,6,4
83,ZTF22abtelau,SNII,0.36,9,15
84,ZTF22abngvrq,SNIbc,0.278,3,6
85,ZTF22abmzsaj,SNIbc,0.458,1,8
86,ZTF22abocaua,SNIbc,0.344,3,7
87,ZTF20actxvkr,SNIbc,0.368,2,12
88,ZTF18adkchxv,SNIbc,0.288,5,6
89,ZTF18adkopgj,SNIbc,0.358,9,8
90,ZTF18admohte,SNIbc,0.332,5,8
91,ZTF22abrhinn,SNII,0.332,6,9
92,ZTF18adjebtc,SNIbc,0.338,9,7
93,ZTF22abrhkac,SNIbc,0.326,13,17
94,ZTF22abrsnps,SNIbc,0.352,7,10
95,ZTF18adkwdbw,SNIbc,0.322,8,9
96,ZTF22absoyte,SLSN,0.402,10,4
97,ZTF20adgaieq,SLSN,0.312,8,8
98,ZTF22abokyme,SNIbc,0.33,7,12
99,ZTF21aafhiwt,SLSN,0.372,16,14
100,ZTF22abubcei,SNIbc,0.368,5,6
101,ZTF22abvggfb,SNIbc,0.33,0,27
102,ZTF22abutfrz,SNIbc,0.57,7,15
103,ZTF22abunrnh,SNII,0.444,5,39
104,ZTF22abtwnja,SNIbc,0.478,1,6
105,ZTF22abxwkeg,SNIbc,0.296,0,7
106,ZTF22abvbgrf,SNIbc,0.328,0,16
107,ZTF18admioim,SNIbc,0.304,0,6
108,ZTF18adnttle,SNIbc,0.326,3,6
109,ZTF22abyfxzz,SNIbc,0.308,3,6
110,ZTF22abvgghf,SNIbc,0.3,0,20
111,ZTF22abunqps,SNIbc,0.338,1,17
112,ZTF22abtssvk,SNIbc,0.45,3,10
113,ZTF22abwuywu,SNIbc,0.398,3,6
114,ZTF22abvfvqp,SNIbc,0.298,13,5
115,ZTF22abvhiip,SNIbc,0.46,4,9
116,ZTF22abttbmf,SNII,0.312,8,9
117,ZTF22aaeyicl,SNIbc,0.284,7,6
118,ZTF22abuphjz,SLSN,0.29,20,18
119,ZTF22abtprtn,SNIbc,0.392,6,7
120,ZTF22abvjyyn,SNIbc,0.35,5,11
121,ZTF22aaeygxs,SNIbc,0.286,7,7
122,ZTF19adhofbq,SNII,0.39,14,24
123,ZTF18adiocds,SLSN,0.27,9,6
124,ZTF22abypvla,SNIbc,0.346,0,7
125,ZTF22abuagru,SLSN,0.452,10,12
126,ZTF22abxqnfl,SLSN,0.368,11,6
127,ZTF22abrksxv,SLSN,0.522,7,8
128,ZTF22abtomri,SNIbc,0.484,8,14
129,ZTF22abypvui,SNIbc,0.372,4,9
130,ZTF22aaggwso,SNII,0.326,16,12
131,ZTF22aaexzxf,SNII,0.328,13,15
132,ZTF22abunjts,SNIbc,0.454,14,20
133,ZTF22abunqbo,SNIbc,0.32,1,26
134,ZTF22abulusd,SNIbc,0.46,9,12
135,ZTF22abwozmt,SNIbc,0.382,2,7
136,ZTF22abwvhlu,SNII,0.292,0,9
137,ZTF22abycvxw,SNIbc,0.37,3,8
138,ZTF18admazuf,SNIbc,0.346,7,10
139,ZTF18adnqesw,SNIbc,0.282,5,6
140,ZTF20abhsfnt,SNIbc,0.312,5,11
141,ZTF22abyrfda,SNIbc,0.352,6,11
142,ZTF22abysbit,SNII,0.336,27,14
143,ZTF18abxjomn,SNIbc,0.33,7,3
144,ZTF22abyqxxr,SNII,0.322,21,17
145,ZTF22abwljjv,SNIbc,0.478,7,9
146,ZTF22abwmfih,SNIa,0.3,3,9
147,ZTF18adaqsue,SNIbc,0.374,6,6
148,ZTF22aahgirq,SNIbc,0.312,7,7
149,ZTF22abystaj,SLSN,0.426,9,13
150,ZTF22abyqynr,SLSN,0.344,16,10
151,ZTF19abyrzqj,SNIbc,0.374,8,8
152,ZTF22aagzypc,SNII,0.382,14,14
153,ZTF22abyrkmg,SNIbc,0.312,1,7
154,ZTF22abtufwt,SNIbc,0.514,5,7
155,ZTF18adngmic,SNIbc,0.322,6,3
156,ZTF22abycyvn,SNII,0.372,3,11
157,ZTF22abythmz,SNIbc,0.264,16,1
158,ZTF20acywhhi,SLSN,0.372,12,12
159,ZTF19adgqlnp,SNIbc,0.318,3,6
160,ZTF22abvmfrx,SNIbc,0.308,10,4
161,ZTF22abyrapu,SNIbc,0.288,9,8
162,ZTF22abyqxuq,SNIbc,0.294,10,4
163,ZTF22abvlxjy,SLSN,0.346,12,8
164,ZTF22abunpys,SNII,0.342,4,19
165,ZTF22abywyrs,SNII,0.308,8,12
166,ZTF21achtath,SNIbc,0.376,4,6
167,ZTF22abyxail,SLSN,0.288,8,5
168,ZTF22abwveun,SNIbc,0.372,6,9
169,ZTF19adjibxd,SNIbc,0.414,6,9
170,ZTF19acqotmd,SNIbc,0.338,9,11
171,ZTF18adlyzyj,SLSN,0.266,3,8
172,ZTF22aabafih,SNIbc,0.332,4,8
173,ZTF18admaqin,SNIbc,0.326,8,7
174,ZTF22abyxdxn,SNIbc,0.358,7,11
175,ZTF20acoppsz,SNIbc,0.276,6,6
176,ZTF22abyxvyg,SNIbc,0.306,12,17
177,ZTF22abvedpi,SNIbc,0.43,3,8
178,ZTF18adimbkp,SLSN,0.268,8,7
179,ZTF22abyzowi,SNIbc,0.34,1,7
180,ZTF19adhdujl,SLSN,0.45,7,14
181,ZTF19adkiieo,SNIbc,0.304,10,5
182,ZTF22abywxim,SNIbc,0.29,2,9
183,ZTF22abyxvso,SNIbc,0.318,8,7
184,ZTF22abyxvvl,SNIbc,0.408,5,8
185,ZTF18admkiac,SNII,0.406,15,17
186,ZTF22abyxyxq,SNIbc,0.294,10,20
187,ZTF22abxtdog,SNIbc,0.362,1,9
188,ZTF22abzalhh,SNII,0.284,3,15
189,ZTF22aaeygpn,SNII,0.382,7,11
190,ZTF22abygigi,SNIbc,0.326,9,6
191,ZTF22abvgeod,SNIbc,0.326,4,18
192,ZTF18adnaidh,SNIbc,0.296,0,10
193,ZTF22abtznsz,SNIbc,0.32,4,10
194,ZTF19aacuvfw,SNII,0.324,11,11
195,ZTF22aaeyhwa,SNIbc,0.306,7,10
196,ZTF22abuaifr,SNII,0.338,2,8
197,ZTF22abysymd,SNII,0.352,11,12
198,ZTF22abywxyi,SNIbc,0.314,7,8
199,ZTF22abynryv,SNII,0.328,9,12
200,ZTF22abyzgep,SNII,0.316,14,3
201,ZTF22abyxaao,SNII,0.356,10,12
202,ZTF22abysuda,SNII,0.35,16,14
203,ZTF19aamfvgq,SNIbc,0.382,3,7
204,ZTF22abvmhmc,SNIbc,0.318,3,7
205,ZTF22abqsflv,SNII,0.408,6,16
206,ZTF22abucukc,SNIbc,0.336,6,8
207,ZTF22abvggmn,SNII,0.308,5,18
208,ZTF18adkxabm,SNIbc,0.314,12,17
209,ZTF22abubzcy,SNIbc,0.304,3,8
210,ZTF20abqztae,SNIbc,0.306,3,7
211,ZTF22abzoyfd,SNIbc,0.358,7,4
212,ZTF22abvmflb,SNII,0.35,9,9
213,ZTF20acwrzhp,SNIbc,0.318,11,2
214,ZTF19adhnxcg,SNII,0.31,5,7
215,ZTF22abznuzf,SNIbc,0.324,11,9
216,ZTF18adptesp,SNIbc,0.33,8,6
217,ZTF19acywnvy,SNIbc,0.3,1,6
218,ZTF20adhjujo,SNIbc,0.346,8,10
219,ZTF22aaommpo,SLSN,0.426,7,15
220,ZTF22abzyptp,SNII,0.342,8,9
221,ZTF22abwmnow,SNIbc,0.558,8,11
222,ZTF18acedfri,SNIbc,0.306,6,4
223,ZTF22acaaxbx,SNIbc,0.31,3,9
224,ZTF22abucsdo,SNIbc,0.398,6,2
225,ZTF22abucsrz,SNIbc,0.288,13,10
226,ZTF22abzyvps,SNIbc,0.37,6,1
227,ZTF22abzaiug,SNIbc,0.33,1,7
228,ZTF20adbftnv,SNII,0.32,11,9
229,ZTF20adbftxi,SNII,0.326,10,14
230,ZTF22abwuian,SNIbc,0.322,2,11
231,ZTF22abwukwg,SNIbc,0.358,1,7
232,ZTF22acaagmz,SNIbc,0.374,1,10
233,ZTF19adlwibk,SLSN,0.344,10,4
234,ZTF20adaybqk,SNIbc,0.272,10,7
235,ZTF20adaycua,SNII,0.31,13,9
236,ZTF22abxlqph,SNIa,0.272,4,6
237,ZTF22abykush,SNIbc,0.294,7,7
238,ZTF22abxltfq,SNII,0.36,2,14
239,ZTF22abxxnwi,SNIa,0.302,4,6
240,ZTF22abymsdf,SLSN,0.362,3,17
241,ZTF20adbjadc,SLSN,0.352,19,8
242,ZTF22abzaktb,SNIbc,0.288,0,15
243,ZTF22abyosnx,SNII,0.378,1,17
244,ZTF22acailyv,SNIbc,0.302,0,17
245,ZTF22abyosyy,SNIbc,0.33,0,14
246,ZTF22abzlqge,SNIbc,0.28,0,8
247,ZTF22abxomzd,SNIbc,0.404,2,12
248,ZTF18admcgbe,SNIbc,0.296,2,8
249,ZTF21aallabr,SNIbc,0.286,7,4
250,ZTF20acndtwp,SNII,0.31,10,7
251,ZTF22abyxdux,SNIbc,0.322,8,5
252,ZTF18abzsftk,SNIbc,0.388,9,7
253,ZTF22acaxukz,SNIbc,0.306,9,4
254,ZTF22acaxuwg,SNIbc,0.358,8,12
255,ZTF22acaxuzy,SNII,0.344,15,21
256,ZTF22acaxuut,SNII,0.406,12,18
257,ZTF22abzauug,SNIbc,0.302,0,21
258,ZTF22abvfxgg,SNIbc,0.322,2,7
259,ZTF22acayndi,SNII,0.316,4,15
260,ZTF21aanrdow,SNIbc,0.344,7,9
261,ZTF22acazarw,SLSN,0.296,10,4
262,ZTF20adbqgfs,SNII,0.304,7,14
263,ZTF20adbijup,SLSN,0.3,7,10
264,ZTF20adbscyk,SNII,0.386,11,13
265,ZTF22aabacwk,SNIbc,0.298,5,8
266,ZTF20aaegmwm,SNIbc,0.318,2,8
267,ZTF22abxbojv,SNIbc,0.32,9,4
268,ZTF22abygtes,SNIbc,0.28,9,5
269,ZTF22aaeyjgj,SLSN,0.352,12,8
270,ZTF20adayemu,SNII,0.332,7,9
271,ZTF20adbxeiu,SNIbc,0.282,5,9
272,ZTF22abygnnt,SNIbc,0.298,7,1
273,ZTF20adbxeso,SLSN,0.304,13,12
274,ZTF22abxlfpl,SNIbc,0.344,6,5
275,ZTF21aavpldi,SNIbc,0.364,8,5
276,ZTF22abwwdbv,SNIa,0.43,6,7
277,ZTF22abywzvp,SNII,0.296,9,8
278,ZTF21acsjoqs,SNIbc,0.36,3,10
279,ZTF22abyxdnm,SNIbc,0.326,9,3
280,ZTF22abqhidj,SNIbc,0.274,11,1
281,ZTF22abvggjl,SNIbc,0.346,5,18
282,ZTF22abznfuf,SNII,0.298,8,12
283,ZTF22abyoczz,SNIbc,0.398,9,5
284,ZTF22abyivor,SNIbc,0.464,3,10
285,ZTF22abvqmhw,SNIbc,0.4,5,9
286,ZTF22abxtcym,SNII,0.354,3,22
287,ZTF22abxonqa,SNIbc,0.456,6,7
288,ZTF20acytvxc,SLSN,0.356,10,4
289,ZTF22abxpykd,SNIbc,0.382,4,7
290,ZTF22abxqftq,SNIbc,0.356,6,1
291,ZTF22abzhiye,SNIbc,0.316,2,6
292,ZTF22acaqnmx,SLSN,0.34,7,12
293,ZTF22abxqldo,SNIa,0.478,6,8
294,ZTF18adpxjyk,SNII,0.318,7,13
295,ZTF22abwpyxv,SNIbc,0.37,6,8
296,ZTF22abwtoqq,SNIbc,0.296,8,5
297,ZTF22abygead,SNIbc,0.396,9,11
298,ZTF22abveydv,SLSN,0.308,1,8
299,ZTF22abyivlt,SNIbc,0.422,3,7
300,ZTF22acavcpl,SNIa,0.282,0,13
301,ZTF18adkhkae,SNIbc,0.376,4,7
302,ZTF22abzgjrm,SNIbc,0.304,8,16
303,ZTF22abysjzw,SNIbc,0.35,3,6
304,ZTF22abyivov,SNIbc,0.43,3,11
305,ZTF22abxzuje,SNIbc,0.586,12,13
306,ZTF22abohjwa,SNIbc,0.386,3,7
307,ZTF21accqdww,SNII,0.306,1,8
308,ZTF19adgnxeg,SNIbc,0.274,7,3
309,ZTF22abynkrn,SLSN,0.294,8,3
310,ZTF22abshyrq,SNIbc,0.382,3,9
311,ZTF22abzfygu,SNIbc,0.35,6,5
312,ZTF22abyjzya,SNIbc,0.286,9,4
313,ZTF22abyxbwz,SNIbc,0.29,8,3
314,ZTF18adngubh,SNIbc,0.274,7,3
315,ZTF18adqicub,SNIbc,0.316,7,2
316,ZTF20adcdtcs,SNIbc,0.336,6,8
317,ZTF23aaaaksc,SNIbc,0.41,6,7
318,ZTF18adqfwhc,SNIbc,0.324,7,9
319,ZTF18adqibpd,SNII,0.304,7,6
320,ZTF18adqgaik,SNIbc,0.31,6,3
321,ZTF22abucujt,SNIbc,0.29,8,6
322,ZTF18adqganr,SNII,0.366,10,13
323,ZTF23aaaatay,SNII,0.356,14,15
324,ZTF19addypby,SNIbc,0.306,4,7
325,ZTF18adaqphh,SNIbc,0.384,4,10
326,ZTF22abvdxut,SNIbc,0.316,6,10
327,ZTF21aaxwruf,SNIbc,0.452,4,6
328,ZTF23aaaaxux,SNII,0.356,5,11
329,ZTF22acaqyat,SNII,0.296,17,12
330,ZTF22abzhlal,SNII,0.286,10,8
331,ZTF22abzfotk,SNIa,0.368,7,13
332,ZTF22abzzttc,SNII,0.366,13,11
333,ZTF22aabjitx,SNIbc,0.304,7,7
334,ZTF19adhaele,SNIbc,0.324,1,6
335,ZTF20adcakab,SNIbc,0.35,4,6
336,ZTF22abzancm,SNIa,0.324,0,37
337,ZTF18adqechq,SNII,0.334,19,15
338,ZTF22abztcly,SNIbc,0.282,19,19
339,ZTF22aagzzmq,SNII,0.294,14,11
340,ZTF22acaxuse,SNIbc,0.336,5,8
341,ZTF22acadszu,SNIa,0.324,9,13
342,ZTF18admfjuq,SNIbc,0.26,15,9
343,ZTF23aaaeamu,SNIbc,0.29,9,8
344,ZTF19adawwow,SNIbc,0.314,1,8
345,ZTF23aaahwct,SNIbc,0.328,1,23
346,ZTF22abxlqol,SNIbc,0.298,7,16
347,ZTF18adosogh,SNIbc,0.348,6,3
348,ZTF22abyrvsz,SNIbc,0.3,2,7
349,ZTF22abyskhb,SNIbc,0.368,6,12
350,ZTF22abysady,SNIbc,0.324,2,8
351,ZTF22abytwjj,SNIbc,0.41,8,14
352,ZTF22abybbud,SNII,0.382,9,11
353,ZTF20adaybky,SNIbc,0.284,13,11
354,ZTF19adlwivt,SNIbc,0.336,8,11
355,ZTF20adbqgdp,SLSN,0.388,5,11
356,ZTF20adidctd,SNIbc,0.312,7,2
357,ZTF20adbxeen,SNIbc,0.416,1,14
358,ZTF20adbftqm,SNII,0.358,4,12
359,ZTF19adlwrpf,SLSN,0.378,8,4
360,ZTF19adgqent,SNIbc,0.36,12,7
361,ZTF22abwulxm,SNII,0.312,3,10
362,ZTF18adqvcxh,SNII,0.306,17,14
363,ZTF17aabzbtz,SNIbc,0.37,2,7
364,ZTF19admcyjz,SNIbc,0.36,4,6
365,ZTF22abxyjpn,SNIbc,0.348,3,9
366,ZTF19aamjslb,SNIbc,0.296,7,5
367,ZTF22acazcih,SLSN,0.304,13,7
368,ZTF22abzaijw,SNIbc,0.498,5,6
369,ZTF22abzzugn,SNII,0.3,12,15
370,ZTF19adfkaks,SNIbc,0.312,9,3
371,ZTF23aaasvlj,SLSN,0.314,12,11
372,ZTF23aaaspcg,SNIbc,0.368,6,6
373,ZTF23aaaatjn,SNII,0.408,15,15
374,ZTF20aaebhdx,SNIbc,0.306,6,7
375,ZTF22aabhwsu,SNIbc,0.274,13,11
376,ZTF22abyopkf,SNIbc,0.394,3,9
377,ZTF20adbqgdl,SNII,0.322,9,12
378,ZTF23aaawajg,SNIbc,0.292,2,6
379,ZTF22abyrurb,SNIbc,0.46,6,11
380,ZTF22abzawzq,SNIbc,0.298,2,25
381,ZTF22abttagl,SNIbc,0.326,9,4
382,ZTF22abulrlc,SNIbc,0.298,7,7
383,ZTF20adbxeeh,SNIbc,0.286,12,8
384,ZTF20adbftsq,SNII,0.376,3,13
385,ZTF20adbftnx,SNII,0.296,4,7
386,ZTF20adazvwt,SNIbc,0.362,7,1
387,ZTF21aamgpfe,SNIbc,0.354,1,9
388,ZTF22acaagjv,SNIbc,0.352,2,8
389,ZTF22acauzzr,SNIbc,0.338,2,11
390,ZTF22abvggcc,SNII,0.296,2,18
391,ZTF18adqofib,SNIa,0.32,0,19
392,ZTF18adqofie,SNIbc,0.332,1,13
393,ZTF22abubaga,SNIbc,0.308,0,7
394,ZTF22acaiqcc,SNII,0.4,3,30
395,ZTF22aajgbeo,SNIbc,0.364,12,1
396,ZTF18aditebl,SNIbc,0.342,2,11
397,ZTF22abyttje,SNII,0.378,0,14
398,ZTF23aaamaee,SNIbc,0.302,8,5
399,ZTF22abwvmhs,SNIbc,0.312,3,9
400,ZTF23aaasjwy,SNIbc,0.284,9,8
401,ZTF23aaaatee,SNIbc,0.422,13,11
402,ZTF18admixkl,SNII,0.296,13,9
403,ZTF23aaathdd,SNIbc,0.312,10,7
404,ZTF22abvewmo,SNIbc,0.326,7,6
405,ZTF22abyaaou,SNIbc,0.296,6,5
406,ZTF22abyvlli,SNIbc,0.292,1,7
407,ZTF23aaanyyy,SNIa,0.31,9,6
408,ZTF20adaybrt,SNIbc,0.366,2,8
409,ZTF22abyktmi,SNIbc,0.364,3,6
410,ZTF22abzawzp,SNIbc,0.314,1,16
411,ZTF18adqoesm,SNII,0.37,0,20
412,ZTF22aajrsah,SNIbc,0.346,2,9
413,ZTF18adqoetu,SNII,0.344,0,20
414,ZTF23aaahybz,SNIbc,0.324,0,10
415,ZTF18adqogkn,SNIa,0.332,0,14
416,ZTF23aabgdya,SNIbc,0.324,15,14
417,ZTF22abufdns,SNIbc,0.376,7,4
418,ZTF18adqtisj,SNII,0.28,4,12
419,ZTF19aabnpnv,SNIbc,0.344,7,8
420,ZTF19adgrasj,SNIbc,0.298,9,11
421,ZTF22abxljad,SNIbc,0.278,8,7
422,ZTF22abvfupx,SNIbc,0.31,7,3
423,ZTF18admmwih,SNIbc,0.294,7,8
424,ZTF19aamjspa,SNIbc,0.298,7,8
425,ZTF22acazibw,SLSN,0.294,5,6
426,ZTF20adbmycm,SNIbc,0.342,9,4
427,ZTF19adlapyp,SNIbc,0.356,8,10
428,ZTF19achwart,SNIbc,0.312,1,6
429,ZTF23aabfzvf,SNIbc,0.352,8,10
430,ZTF23aaaunzt,SNIbc,0.314,5,11
431,ZTF18adpulcl,SNIbc,0.32,1,15
432,ZTF22acbambr,SNIbc,0.326,1,10
433,ZTF22abxbujd,SNIbc,0.33,0,8
434,ZTF22abuguyc,SNIbc,0.292,0,14
435,ZTF23aaaziwe,SNIbc,0.314,0,9
436,ZTF20aajcyng,SNIbc,0.352,0,14
437,ZTF22abugtka,SNIbc,0.316,0,14
438,ZTF21acqnmww,SNIbc,0.328,0,8
439,ZTF23aabmamb,SNIbc,0.396,5,6
440,ZTF22abueikv,SNIbc,0.354,8,4
441,ZTF23aabmamc,SNII,0.332,11,12
442,ZTF23aaaqeqo,SNIbc,0.292,10,4
443,ZTF22abbormm,SNII,0.336,14,11
444,ZTF23aaagecv,SLSN,0.286,5,8
445,ZTF22acalgpv,SNIbc,0.456,4,10
446,ZTF19abyrxil,SNII,0.336,2,11
447,ZTF23aaatguy,SNIbc,0.35,7,8
448,ZTF21aamktuz,SNIbc,0.334,2,9
449,ZTF18adqrrry,SNIbc,0.294,3,7
450,ZTF21acnctdq,SNIbc,0.314,6,4
451,ZTF22abujgpb,SNIbc,0.374,8,6
452,ZTF23aaaswbz,SNIbc,0.348,5,7
453,ZTF23aaatxlz,SNIbc,0.298,3,9
454,ZTF23aabgfzu,SNIbc,0.314,8,6
455,ZTF23aaawavt,SNIbc,0.376,2,8
456,ZTF23aaatmsn,SNIbc,0.3,10,7
457,ZTF22abvardy,SNIbc,0.312,5,7
458,ZTF18adqtfhg,SLSN,0.3,1,10
459,ZTF22abxbpkv,SNIbc,0.288,8,4
460,ZTF22acadlqs,SNIbc,0.346,5,6
461,ZTF23aabhtln,SNIbc,0.332,3,9
462,ZTF20adbxifq,SLSN,0.332,3,7
463,ZTF23aabhhwl,SNIbc,0.366,8,8
464,ZTF23aaabblf,SNIbc,0.284,7,5
465,ZTF23aabomkc,SNIbc,0.334,4,8
466,ZTF22abssjxl,SNII,0.316,1,8
467,ZTF19adlwnhb,SNII,0.36,11,8
468,ZTF23aaavzeq,SNIbc,0.378,7,13
469,ZTF23aabqrje,SNIbc,0.454,2,8
470,ZTF22abubbbb,SNIbc,0.324,2,9
471,ZTF23aabqrup,SNIbc,0.304,0,11
472,ZTF23aaazgob,SNIbc,0.316,0,18
473,ZTF18admbtxp,SNIbc,0.368,1,10
474,ZTF23aabqsgv,SNIbc,0.3,0,9
475,ZTF18adqnsvf,SNIbc,0.316,0,9
476,ZTF22abxbufi,SNIbc,0.306,0,17
477,ZTF19abindya,SNIbc,0.334,0,8
478,ZTF18admbwrq,SNIbc,0.384,1,9
479,ZTF22abxbtuo,SNIbc,0.334,0,13
480,ZTF18adjssut,SNIbc,0.318,2,14
481,ZTF21aatkomw,SNIbc,0.308,0,7
482,ZTF20aajcwil,SNIbc,0.284,0,8
483,ZTF20adbizty,SNIbc,0.318,10,5
484,ZTF19adlwjsh,SLSN,0.28,10,11
485,ZTF23aaahwws,SNIbc,0.394,2,13
486,ZTF18adqicuw,SNIbc,0.294,0,10
487,ZTF22abzkgja,SNIa,0.364,7,10
488,ZTF23aaaqdtl,SNIbc,0.322,7,7
489,ZTF23aablruf,SNIbc,0.3,0,10
490,ZTF23aaazbtb,SNIbc,0.344,1,7
491,ZTF22acaunjq,SLSN,0.336,2,6
492,ZTF23aaazjox,SNIbc,0.286,0,11
493,ZTF18adqkwsb,SNII,0.298,0,17
494,ZTF20aalagye,SNIbc,0.376,0,8
495,ZTF22abwwwwg,SNIbc,0.346,0,11
496,ZTF20aajdgxz,SNIbc,0.286,0,12
497,ZTF22abyqdhi,SNIbc,0.278,0,8
498,ZTF23aabryso,SNIa,0.322,0,11
499,ZTF23aabsatv,SNII,0.31,0,16
500,ZTF18adqfqiy,SNIa,0.332,0,18
501,ZTF23aaazivx,SNII,0.298,0,16
502,ZTF23aaazjba,SNIa,0.29,0,18
503,ZTF19aczkqtg,SNIbc,0.294,0,9
504,ZTF19adkxmab,SNIbc,0.312,9,7
505,ZTF19aamjzpk,SNIa,0.268,11,6
506,ZTF18adqtgsj,SNII,0.314,3,9
507,ZTF20adbixtd,SLSN,0.294,9,5
508,ZTF20adbxesm,SLSN,0.284,10,9
509,ZTF23aaazkbd,SNIa,0.284,0,14
510,ZTF23aaabcgx,SNIbc,0.444,5,7
511,ZTF22abyulww,SNIbc,0.286,7,6
512,ZTF23aabthrh,SNIbc,0.328,6,2
513,ZTF23aaazjnk,SNIbc,0.288,0,8
514,ZTF22abwuuxs,SNIbc,0.304,0,6
515,ZTF21acowjjr,SNIbc,0.334,0,12
516,ZTF22abyqgkl,SNIbc,0.288,0,17
517,ZTF22abvgkpk,SNIbc,0.3,0,9
518,ZTF18adkmuah,SNIbc,0.312,0,13
519,ZTF23aabgbpr,SNIbc,0.328,5,6
520,ZTF22abuucwb,SNIbc,0.308,8,10
521,ZTF22acacnfu,SNIbc,0.35,13,4
522,ZTF22abwvdxr,SNIbc,0.326,8,6
523,ZTF23aabfzzr,SNIbc,0.304,6,5
524,ZTF19admbzlu,SNIbc,0.392,8,11
525,ZTF23aabgvjn,SNII,0.31,7,8
526,ZTF22abukguu,SNIbc,0.322,2,12
527,ZTF23aaagteq,SNII,0.314,10,6
528,ZTF23aabmprv,SNIbc,0.434,2,8
529,ZTF22abyszwg,SNIbc,0.402,12,11
530,ZTF23aaazaqr,SLSN,0.282,4,8
531,ZTF23aaazjqr,SNIbc,0.278,0,11
532,ZTF18abxsukj,SNIbc,0.276,9,1
533,ZTF18adqfvml,SNIbc,0.302,0,17
534,ZTF23aaaziou,SNII,0.338,0,25
535,ZTF23aaaswzb,SNIbc,0.3,11,10
536,ZTF17aacftye,SNIbc,0.364,6,2
537,ZTF23aaatgld,SNIbc,0.334,6,3
538,ZTF23aaasxlv,SNIbc,0.332,6,6
539,ZTF22acaxvew,SNIbc,0.35,10,3
540,ZTF23aaaqdxy,SNIbc,0.304,9,5
541,ZTF19acknezq,SNIbc,0.284,6,3
542,ZTF23aabxkuz,SNIbc,0.39,4,7
543,ZTF23aabxkse,SNIbc,0.296,10,5
544,ZTF23aabxkvl,SNIbc,0.278,3,7
545,ZTF23aabxkxo,SNIbc,0.336,10,4
546,ZTF23aaaaxgv,SNIbc,0.376,9,10
547,ZTF23aaaahln,SNIbc,0.374,7,9
548,ZTF21aanqfzv,SNIbc,0.378,3,6
549,ZTF18adqpyvp,SNIbc,0.294,7,2
550,ZTF20abjydej,SNIbc,0.372,6,6
551,ZTF23aabxmch,SNIbc,0.336,7,4
552,ZTF22abyeaol,SNIbc,0.296,8,6
553,ZTF18adngzxi,SNIbc,0.34,6,9
554,ZTF23aabgamy,SNIbc,0.28,3,7
555,ZTF23aabgako,SNIbc,0.326,10,7
556,ZTF23aaatwqm,SNIbc,0.328,8,6
557,ZTF18acvumtk,SNIbc,0.32,6,8
558,ZTF18adqtdap,SNIbc,0.288,4,8
559,ZTF23aabsiwq,SLSN,0.258,7,7
560,ZTF22abdlnio,SNIbc,0.36,6,1
561,ZTF18adqduiw,SNIbc,0.27,8,5
562,ZTF20actxoyu,SNIbc,0.326,7,5
563,ZTF23aaaiudn,SNIbc,0.432,8,6
564,ZTF23aaauycn,SNIbc,0.322,8,5
565,ZTF22aabekmn,SNIbc,0.284,5,8
566,ZTF19adlptdd,SNIbc,0.32,11,11
567,ZTF20adcfypk,SNIbc,0.294,10,6
568,ZTF23aabtyzn,SNIbc,0.328,7,6
569,ZTF22acaunur,SNIbc,0.318,4,8
570,ZTF22abxvixb,SNIbc,0.318,1,20
571,ZTF18adqfxvt,SNIbc,0.34,0,11
572,ZTF22abvhvuc,SNIbc,0.388,2,22
573,ZTF23aabuwqz,SNIbc,0.286,0,7
574,ZTF23aacduxv,SNIa,0.288,0,6
575,ZTF18adqofna,SNIbc,0.294,0,16
576,ZTF22abyxnrr,SNIbc,0.374,7,10
577,ZTF20aafcorg,SNIbc,0.406,1,21
578,ZTF18adqofgm,SNIbc,0.308,1,10
579,ZTF23aabloos,SNIbc,0.292,0,20
580,ZTF23aabloht,SNIbc,0.34,0,19
581,ZTF23aablqjg,SNIbc,0.298,0,22
582,ZTF22abzacnm,SNIbc,0.31,6,8
583,ZTF18adqqisg,SNIbc,0.302,6,20
584,ZTF23aacbjon,SNIbc,0.326,8,6
585,ZTF23aacbjpi,SNIbc,0.408,9,8
586,ZTF23aacbjrk,SNIbc,0.362,6,8
587,ZTF23aaanpwh,SNIbc,0.37,3,6
588,ZTF23aaaswho,SNIbc,0.292,9,3
589,ZTF22abujbqs,SNIbc,0.296,2,6
590,ZTF23aacbqtb,SNIbc,0.374,7,8
591,ZTF23aaawzra,SNIbc,0.358,8,3
592,ZTF23aacbddn,SNIbc,0.318,3,7
593,ZTF23aaatxoq,SNIbc,0.344,3,7
594,ZTF22acaxtrx,SNIbc,0.3,13,3
595,ZTF22acabqom,SNIbc,0.306,10,9
596,ZTF23aacbsay,SNIbc,0.318,6,1
597,ZTF19adffizl,SNIbc,0.27,7,6
598,ZTF23aacbvay,SNIbc,0.32,7,5
599,ZTF23aacbuwm,SNIbc,0.292,6,3
600,ZTF23aacbuwi,SNIbc,0.332,7,6
601,ZTF23aacbuzc,SNIbc,0.338,8,5
602,ZTF19adgeyju,SNIbc,0.33,9,7
603,ZTF18adqrmqc,SNIbc,0.292,6,7
604,ZTF18acywqqy,SNIbc,0.346,3,9
605,ZTF19adgjnhl,SNIbc,0.296,7,6
606,ZTF23aabyybe,SNIbc,0.374,1,7
607,ZTF18adqteyn,SNIbc,0.282,8,8
608,ZTF23aaaqdcr,SNIbc,0.412,5,8
609,ZTF18adpxrqy,SNIbc,0.328,1,7
610,ZTF18adbfxns,SNIbc,0.372,2,7
611,ZTF19admbvma,SNIbc,0.318,7,6
612,ZTF23aabgflp,SNIbc,0.334,9,8
613,ZTF18adqtesv,SNIbc,0.296,2,6
614,ZTF18adbgase,SNIbc,0.306,4,6
615,ZTF22acaycot,SNIbc,0.392,4,6
616,ZTF23aaccewj,SNIbc,0.314,3,7
617,ZTF20adbxfwr,SNIa,0.27,10,10
618,ZTF23aaaqrxk,SNIbc,0.368,4,11
619,ZTF23aaaebug,SNIbc,0.272,8,7
620,ZTF23aabornm,SNIbc,0.324,6,1
621,ZTF20adaybrr,SNIbc,0.278,5,9
622,ZTF18adqwtdd,SNIbc,0.286,6,6
623,ZTF18adqwoyp,SNIbc,0.374,9,6
624,ZTF22abxtcxj,SNIbc,0.272,1,10
625,ZTF22aabhvfq,SNIbc,0.372,10,8
626,ZTF18adqofic,SNIbc,0.364,1,19
627,ZTF18adqwnhq,SNIbc,0.368,7,10
628,ZTF22abyvmex,SNIbc,0.254,13,9
629,ZTF23aabcydp,SNIbc,0.39,6,9
630,ZTF22abuafhn,SNIbc,0.362,4,8
631,ZTF22abmtmul,SNIbc,0.268,3,7
632,ZTF23aablotj,SNIbc,0.328,0,17
633,ZTF22acahdqm,SNIbc,0.274,9,5
634,ZTF23aaazgrb,SNIbc,0.32,0,11
635,ZTF22abugsir,SNIbc,0.306,0,11
636,ZTF22abxvgiw,SNIbc,0.318,0,17
637,ZTF23aablpko,SNIbc,0.28,0,21
638,ZTF18adqofmy,SNIbc,0.334,0,9
639,ZTF23aablqbj,SNIbc,0.282,0,11
640,ZTF23aacdovu,SNIbc,0.314,0,22
641,ZTF23aacdofp,SNIbc,0.284,0,14
642,ZTF23aacdoua,SNIbc,0.296,0,23
643,ZTF23aacdpch,SNIbc,0.288,0,8
644,ZTF22abvhjdc,SNIbc,0.35,1,8
645,ZTF22aamkqcs,SNIbc,0.302,0,11
646,ZTF23aaaccyf,SNIbc,0.458,1,10
647,ZTF23aacdqiv,SNIbc,0.326,0,24
648,ZTF22abvgjwt,SNIbc,0.276,0,9
649,ZTF23aacdrkc,SNIbc,0.312,0,15
650,ZTF23aacdpix,SNIbc,0.296,0,13
651,ZTF23aaazlno,SNIbc,0.308,0,23
652,ZTF22abugmzm,SNIbc,0.3,0,9
653,ZTF20abqsbpi,SNIbc,0.292,0,10
654,ZTF18adrlzjw,SNIbc,0.332,6,4
655,ZTF23aaasvxa,SNIbc,0.334,6,2
656,ZTF23aaasovz,SNIbc,0.304,9,10
657,ZTF23aaafxxg,SNIbc,0.34,13,8
658,ZTF23aabyumq,SNIbc,0.376,2,9
659,ZTF23aaceenb,SNIbc,0.288,5,7
660,ZTF18admispw,SNIbc,0.35,6,10
661,ZTF18adrmsrh,SNIbc,0.356,6,8
662,ZTF22aatbhbh,SNIbc,0.332,0,20
663,ZTF23aabmemx,SNIbc,0.356,7,1
664,ZTF22aaeujjw,SNIbc,0.36,4,6
665,ZTF23aaawnxq,SLSN,0.276,2,7
666,ZTF23aaathav,SNIbc,0.304,7,5
667,ZTF21aaybscb,SNIbc,0.322,6,6
668,ZTF23aabsbez,SNIbc,0.312,0,27
669,ZTF22abudmnw,SNIbc,0.33,9,12
670,ZTF23aabgwyl,SNIbc,0.332,9,5
671,ZTF23aaazzhv,SNIbc,0.396,8,3
672,ZTF23aabgeyp,SNIbc,0.314,5,9
673,ZTF23aaatepk,SNIbc,0.296,10,10
674,ZTF23aaasouh,SNIbc,0.356,6,6
675,ZTF22aagzxwy,SNIbc,0.288,9,4
676,ZTF22abwzwnl,SNIbc,0.302,10,9
677,ZTF23aacemax,SNIbc,0.342,5,11
678,ZTF22abukomi,SNIbc,0.28,6,3
679,ZTF23aabgwji,SNIbc,0.348,6,2
680,ZTF22aahgbwj,SNIbc,0.306,6,5
681,ZTF23aabgcps,SNIbc,0.268,13,8
682,ZTF23aaathau,SNIbc,0.33,8,6
683,ZTF23aacepyg,SNIbc,0.368,7,2
684,ZTF22abqgppw,SNIbc,0.328,10,5
685,ZTF22aajqzfw,SNIbc,0.278,12,7
686,ZTF20abnogod,SNIbc,0.31,2,7
687,ZTF23aaauxrt,SNIbc,0.332,9,6
688,ZTF21acifeja,SNIbc,0.396,2,7
689,ZTF22abujgli,SNIbc,0.37,7,3
690,ZTF18adauftk,SNIbc,0.32,6,8
691,ZTF18adbfffo,SNIbc,0.362,5,6
692,ZTF22abyzfvh,SNIbc,0.294,6,9
693,ZTF23aaabhqd,SNIbc,0.344,8,6
694,ZTF23aaaoxuq,SNIbc,0.33,6,5
695,ZTF19admbpbp,SNIbc,0.292,4,7
696,ZTF23aablopg,SNIbc,0.3,0,22
697,ZTF18adpxwlg,SNIbc,0.284,7,6
698,ZTF19adhekyo,SNIbc,0.296,5,8
699,ZTF23aabhomh,SNIbc,0.348,5,6
700,ZTF23aabhobq,SNIbc,0.35,10,5
701,ZTF23aaaphjt,SNIbc,0.366,8,3
702,ZTF23aabduni,SNIbc,0.312,9,7
703,ZTF23aablkzo,SNIbc,0.43,1,8
704,ZTF23aabzwme,SNIbc,0.366,8,8
705,ZTF23aacgeht,SNIbc,0.314,7,8
706,ZTF23aaabvon,SNIbc,0.266,11,9
707,ZTF18adqydfl,SNIbc,0.338,6,2
708,ZTF18adqxhne,SNIbc,0.372,1,6
709,ZTF23aaawcyt,SNIbc,0.422,3,6
710,ZTF18adkkunz,SNIbc,0.316,1,6
711,ZTF18adjqbyn,SNIbc,0.324,2,8
712,ZTF20aafcpwz,SNIbc,0.334,1,13
713,ZTF22abubaoa,SNIbc,0.396,1,7
714,ZTF22abugorw,SNIbc,0.388,1,18
715,ZTF23aacgjhf,SNIbc,0.33,1,7
716,ZTF22abxcaxr,SNIbc,0.366,1,21
717,ZTF22abugmtm,SNIbc,0.394,1,6
718,ZTF22abuaxwx,SNIbc,0.352,1,22
719,ZTF21abnwtuw,SNIbc,0.366,1,14
720,ZTF22abxvzew,SNIbc,0.318,1,15
721,ZTF19acvuuoc,SNIbc,0.376,1,13
722,ZTF23aablmea,SNIbc,0.4,1,8
723,ZTF23aacgksd,SNIbc,0.312,1,14
724,ZTF23aacgkst,SNIbc,0.362,1,7
725,ZTF23aaazfva,SNIbc,0.366,1,9
726,ZTF23aaahzqa,SNIbc,0.362,2,11
727,ZTF21acqopeq,SNIbc,0.322,1,27
728,ZTF23aaazgdj,SNIbc,0.302,1,11
729,ZTF22abqahne,SNIbc,0.326,1,11
730,ZTF23aabqtni,SNIbc,0.336,1,17
731,ZTF18admfrmd,SNIbc,0.356,1,13
732,ZTF23aacgkxg,SNIbc,0.336,1,8
733,ZTF18admicdj,SNIbc,0.328,0,8
734,ZTF23aacgluf,SNIbc,0.316,0,25
735,ZTF23aacglcq,SNIbc,0.36,1,15
736,ZTF23aacglqm,SNIbc,0.3,0,12
737,ZTF20abetkjj,SNIbc,0.318,1,7
738,ZTF20abslngs,SNIbc,0.306,0,12
739,ZTF22abvgkak,SNIbc,0.294,0,6
740,ZTF22abugmbg,SNIbc,0.292,0,11
741,ZTF23aacgmvi,SNIbc,0.302,0,11
742,ZTF18adqrrvi,SNIbc,0.27,9,3
743,ZTF19adljcsy,SNIbc,0.296,0,23
744,ZTF21aavrday,SNIbc,0.296,0,8
745,ZTF23aacdpzn,SNIbc,0.276,0,12
746,ZTF22abylinw,SNIbc,0.288,0,18
747,ZTF19aaxvcoe,SNIbc,0.328,0,19
748,ZTF22abugnzn,SNIbc,0.274,0,11
749,ZTF22absolvj,SNIbc,0.276,0,9
750,ZTF23aacdpvi,SNIbc,0.304,0,9
751,ZTF23aacgnef,SNIbc,0.292,0,15
752,ZTF23aacgnhw,SNIbc,0.314,0,15
753,ZTF22abxbyqb,SNIbc,0.346,0,11
754,ZTF23aacgoie,SNIbc,0.278,0,11
755,ZTF18adnmodb,SNIbc,0.282,0,28
756,ZTF23aacgmur,SNIbc,0.29,0,11
757,ZTF23aacgnaf,SNIbc,0.28,0,14
758,ZTF23aacgmer,SNIbc,0.276,0,11
759,ZTF22abugnkj,SNIbc,0.292,0,10
760,ZTF23aablodt,SNIbc,0.304,0,13
761,ZTF23aabrzgo,SNIbc,0.274,0,14
762,ZTF23aacgmzy,SNIbc,0.286,0,8
763,ZTF23aabloas,SNIbc,0.3,0,18
764,ZTF20acpiuif,SNIbc,0.324,0,10
765,ZTF23aacgmad,SNIbc,0.314,0,12
766,ZTF23aacgohh,SNIbc,0.282,0,12
767,ZTF23aacgpip,SNIbc,0.294,0,8
768,ZTF23aacgmfa,SNIa,0.286,0,24
769,ZTF19aczkpjt,SNIbc,0.302,0,20
770,ZTF23aacgnhc,SNIbc,0.312,0,22
771,ZTF22abxlveq,SNIbc,0.302,0,11
772,ZTF23aacgqjq,SNIbc,0.342,0,13
773,ZTF23aacdpmo,SNIbc,0.29,0,15
774,ZTF23aacgqpc,SNIbc,0.298,0,13
775,ZTF23aacdrzk,SNIbc,0.306,0,12
776,ZTF18adqfyte,SNIbc,0.294,0,15
777,ZTF23aacdseo,SNIbc,0.298,0,10
778,ZTF23aacdrmn,SNIbc,0.276,0,12
779,ZTF23aacgyhx,SNIbc,0.306,7,9
780,ZTF23aabgvyw,SNIbc,0.294,7,6
781,ZTF23aabamtz,SNIbc,0.284,2,6
782,ZTF23aaaaxtw,SNIbc,0.392,1,6
783,ZTF18adqtece,SNIbc,0.382,3,6
784,ZTF23aaawqtw,SNIbc,0.382,3,10
785,ZTF23aaahegu,SNIbc,0.462,4,6
786,ZTF18adrmpdl,SNIbc,0.312,1,6
787,ZTF22aabacgf,SNIbc,0.408,3,7
788,ZTF23aaahbry,SNIbc,0.382,3,6
789,ZTF22aageqju,SNIbc,0.31,2,6
790,ZTF21acpkdgt,SNIbc,0.306,6,11
